"","1","1, 2","1, 3","2","3"
"ASH2L-human",0,0,0,1,0
"ATF2-human",1,2,0,1,0
"ATF3-human",1,2,0,1,0
"BACH1-human",1,2,0,1,0
"BCL11A-human",1,0,0,1,0
"BRCA1-human",1,2,0,1,0
"CBX5-human",1,2,0,1,0
"CBX8-human",1,2,0,1,0
"CEBPB-human",1,2,0,1,0
"CHD1-human",2,4,0,2,0
"CHD2-human",1,2,0,1,0
"CHD7-human",1,2,0,1,0
"CREB1-human",1,2,0,1,0
"CTBP2-human",1,2,0,1,0
"CTCF-human",2,2,0,1,0
"E2F6-human",1,2,0,1,0
"EGR1-human",1,2,0,1,0
"EP300-human",2,2,0,1,0
"EZH2-human",1,2,0,1,0
"FOSL1-human",1,2,0,1,0
"GABPA-human",1,2,0,1,0
"GTF2F1-human",1,2,0,1,0
"H2AK5ac-human",0,1,0,0,0
"H2BK120ac-human",0,1,0,0,0
"H2BK12ac-human",0,1,0,0,0
"H2BK15ac-human",0,1,0,0,0
"H2BK20ac-human",0,1,0,0,0
"H2BK5ac-human",0,1,0,0,0
"H3K14ac-human",0,1,0,0,0
"H3K23ac-human",0,1,0,0,0
"H3K23me2-human",0,1,0,0,0
"H3K27ac-human",0,2,0,0,0
"H3K27me3-human",0,3,0,0,0
"H3K36me3-human",0,3,0,0,0
"H3K4ac-human",0,1,0,0,0
"H3K4me1-human",0,2,0,0,0
"H3K4me2-human",0,1,0,0,0
"H3K4me3-human",0,2,0,0,0
"H3K56ac-human",0,1,0,0,0
"H3K79me1-human",0,0,1,0,0
"H3K79me2-human",0,1,0,0,0
"H3K9ac-human",0,2,0,0,0
"H3K9me3-human",0,1,1,0,0
"H4K20me1-human",0,1,0,0,0
"H4K5ac-human",0,1,0,0,0
"H4K91ac-human",0,1,0,0,0
"HDAC2-human",2,4,0,2,0
"HDAC6-human",1,0,0,0,0
"JUN-human",1,2,0,1,0
"JUND-human",2,4,0,2,0
"KDM1A-human",1,2,0,1,0
"KDM4A-human",1,0,0,0,0
"KDM5A-human",1,2,0,1,0
"MAFK-human",1,2,0,1,0
"MAX-human",1,2,0,1,0
"MXI1-human",1,2,0,1,0
"MYC-human",2,2,0,1,0
"NANOG-human",1,2,0,1,0
"NRF1-human",1,2,0,1,0
"PHF8-human",1,2,0,1,0
"POLR2A-human",1,2,0,1,0
"POLR2AphosphoS5-human",1,2,0,1,0
"POU5F1-human",1,2,0,1,0
"RAD21-human",2,4,0,2,0
"RBBP5-human",1,2,0,1,0
"REST-human",2,4,0,2,0
"RFX5-human",1,2,0,1,0
"RXRA-human",1,2,0,1,0
"SAP30-human",1,2,0,1,0
"SIN3A-human",2,4,0,2,0
"SIRT6-human",1,0,0,0,0
"SIX5-human",1,2,0,1,0
"SP1-human",1,2,0,1,0
"SP2-human",1,2,0,1,0
"SP4-human",1,2,0,1,0
"SRF-human",1,2,0,1,0
"SUZ12-human",2,2,2,1,1
"TAF1-human",1,2,0,1,0
"TBP-human",1,2,0,1,0
"TCF12-human",1,2,0,1,0
"TEAD4-human",1,2,0,1,0
"USF1-human",1,2,0,1,0
"USF2-human",1,2,0,1,0
"YY1-human",1,2,0,1,0
"ZNF143-human",1,2,0,1,0
